<keymap version="1" name="Mac OS X 10.5+ copy" parent="Mac OS X 10.5+">
  <action id="ChangesView.Diff" />
  <action id="CompareTwoFiles" />
  <action id="Console.TableResult.CloneRow" />
  <action id="DatabaseView.CopyAction" />
  <action id="Diff.ShowDiff" />
  <action id="Diff.ShowSettingsPopup" />
  <action id="Diff.UpdatedFiles" />
  <action id="EditorDuplicate" />
  <action id="FileChooser.GotoDesktop" />
  <action id="FileChooser.TogglePathShowing" />
  <action id="FileStructurePopup">
    <keyboard-shortcut first-keystroke="meta r" />
  </action>
  <action id="GotoFile">
    <keyboard-shortcut first-keystroke="meta p" />
  </action>
  <action id="ParameterInfo" />
  <action id="ReformatCode">
    <keyboard-shortcut first-keystroke="shift meta r" />
  </action>
  <action id="Refresh" />
  <action id="Replace" />
  <action id="ReplaceInPath" />
  <action id="Rerun" />
  <action id="SelectAllOccurrences">
    <keyboard-shortcut first-keystroke="shift meta d" />
  </action>
  <action id="SelectNextOccurrence">
    <keyboard-shortcut first-keystroke="meta d" />
  </action>
  <action id="SendEOF" />
  <action id="SplitHorizontally">
    <keyboard-shortcut first-keystroke="ctrl h" />
  </action>
  <action id="SplitVertically">
    <keyboard-shortcut first-keystroke="ctrl v" />
  </action>
  <action id="SwitchApply">
    <keyboard-shortcut first-keystroke="ctrl alt enter" />
  </action>
  <action id="SwitchDown">
    <keyboard-shortcut first-keystroke="ctrl alt down" />
  </action>
  <action id="SwitchLeft">
    <keyboard-shortcut first-keystroke="ctrl alt left" />
  </action>
  <action id="SwitchRight">
    <keyboard-shortcut first-keystroke="ctrl alt right" />
  </action>
  <action id="SwitchUp">
    <keyboard-shortcut first-keystroke="ctrl alt up" />
  </action>
  <action id="TypeHierarchy" />
  <action id="Uml.ShowDiff" />
  <action id="UsageView.Rerun" />
  <action id="Vcs.QuickListPopupAction" />
  <action id="openAssertEqualsDiff" />
</keymap>