<application>
  <component name="VimSettings">
    <state version="4" enabled="true" />
    <globalmarks />
    <filemarks>
      <file name="/start_script.py" timestamp="1541780209465">
        <mark key="[" line="0" column="0" />
      </file>
      <file name="/Dummy.txt" timestamp="1557764288308">
        <mark key="[" line="0" column="0" />
        <mark key="]" line="0" column="0" />
        <mark key="." line="0" column="0" />
      </file>
      <file name="/Python Console" timestamp="1541611090468">
        <mark key="[" line="0" column="0" />
      </file>
      <file name="$USER_HOME$/checkouts/ana/docker-compose.yml" timestamp="1558122235918">
        <mark key="'" line="23" column="18" />
        <mark key="[" line="20" column="15" />
        <mark key="]" line="33" column="20" />
        <mark key="^" line="33" column="20" />
        <mark key="." line="33" column="20" />
      </file>
      <file name="$USER_HOME$/TexturaWD/textura/Web/TwoFactorAuthJSON.py" timestamp="1541707930217">
        <mark key="'" line="53" column="8" />
      </file>
      <file name="/a.sql" timestamp="1557764404897">
        <mark key="[" line="0" column="0" />
      </file>
      <file name="$USER_HOME$/checkouts/ana/ana/tabledefs.py" timestamp="1558119907022">
        <mark key="'" line="464" column="13" />
        <mark key="[" line="500" column="29" />
        <mark key="]" line="500" column="30" />
        <mark key="^" line="500" column="30" />
        <mark key="." line="500" column="30" />
      </file>
      <file name="$USER_HOME$/TexturaWD/textura/Test/db/test_user_obisettings_triggers_audits.py" timestamp="1562786011812">
        <mark key="[" line="39" column="0" />
        <mark key="]" line="39" column="0" />
        <mark key="." line="39" column="0" />
      </file>
      <file name="$USER_HOME$/TexturaWD/textura/Web/EditUser.py" timestamp="1541705186298">
        <mark key="[" line="1001" column="31" />
        <mark key="]" line="1001" column="50" />
        <mark key="^" line="1001" column="50" />
        <mark key="." line="1001" column="50" />
      </file>
      <file name="$USER_HOME$/TexturaWD/textura/Lib/xobjects/authy_user.py" timestamp="1541782293799">
        <mark key="'" line="306" column="12" />
      </file>
      <file name="$USER_HOME$/TexturaWD/textura/Test/__init__.py" timestamp="1542299104488">
        <mark key="'" line="5" column="0" />
        <mark key="[" line="5" column="0" />
        <mark key="]" line="6" column="9" />
        <mark key="^" line="6" column="9" />
        <mark key="." line="6" column="9" />
      </file>
      <file name="$USER_HOME$/checkouts/ana/README.md" timestamp="1554842645972">
        <mark key="[" line="18" column="81" />
        <mark key="]" line="18" column="66" />
        <mark key="^" line="18" column="66" />
        <mark key="." line="18" column="66" />
      </file>
      <file name="/Oracle Fragment (invoices.py:178).sql" timestamp="1557764465769">
        <mark key="[" line="0" column="0" />
      </file>
      <file name="$USER_HOME$/checkouts/ana/Makefile" timestamp="1557946122810">
        <mark key="[" line="13" column="7" />
        <mark key="]" line="14" column="5" />
        <mark key="^" line="14" column="5" />
        <mark key="." line="14" column="5" />
      </file>
    </filemarks>
    <jumps>
      <jump line="654" column="62" filename="$USER_HOME$/TexturaWD/textura/Lib/xobjects/organization_user.py" />
      <jump line="656" column="43" filename="$USER_HOME$/TexturaWD/textura/Lib/xobjects/organization_user.py" />
      <jump line="695" column="78" filename="$USER_HOME$/TexturaWD/textura/Lib/xobjects/organization_user.py" />
      <jump line="848" column="39" filename="$USER_HOME$/TexturaWD/textura/Lib/xobjects/organization_user.py" />
      <jump line="63" column="17" filename="$USER_HOME$/TexturaWD/textura/Lib/xobjects/organization_user.py" />
      <jump line="116" column="13" filename="$USER_HOME$/TexturaWD/textura/Lib/xobjects/organization_user.py" />
      <jump line="123" column="30" filename="$USER_HOME$/TexturaWD/textura/Lib/xobjects/organization_user.py" />
      <jump line="183" column="12" filename="$USER_HOME$/TexturaWD/textura/Lib/xobjects/organization_user.py" />
      <jump line="237" column="18" filename="$USER_HOME$/TexturaWD/textura/Lib/xobjects/organization_user.py" />
      <jump line="25" column="4" filename="$USER_HOME$/TexturaWD/textura/Lib/cpmapi/users/edit_user.py" />
      <jump line="67" column="23" filename="$USER_HOME$/TexturaWD/textura/Lib/cpmapi/users/edit_user.py" />
      <jump line="113" column="11" filename="$USER_HOME$/checkouts/ana/Dockerfile" />
      <jump line="145" column="0" filename="$USER_HOME$/checkouts/ana/Dockerfile" />
      <jump line="2" column="27" filename="$USER_HOME$/checkouts/ana/Dockerfile" />
      <jump line="64" column="18" filename="$USER_HOME$/checkouts/ana/Dockerfile" />
      <jump line="41" column="4" filename="$USER_HOME$/checkouts/ana/Dockerfile" />
      <jump line="43" column="21" filename="$USER_HOME$/checkouts/ana/Dockerfile" />
      <jump line="107" column="0" filename="$USER_HOME$/checkouts/ana/Dockerfile" />
      <jump line="5" column="0" filename="$USER_HOME$/checkouts/ana/Dockerfile" />
      <jump line="28" column="11" filename="$USER_HOME$/checkouts/ana/Dockerfile" />
      <jump line="33" column="50" filename="$USER_HOME$/checkouts/ana/Dockerfile" />
      <jump line="22" column="8" filename="$USER_HOME$/checkouts/ana/Dockerfile" />
      <jump line="31" column="0" filename="$USER_HOME$/checkouts/ana/Dockerfile" />
      <jump line="32" column="28" filename="$USER_HOME$/checkouts/ana/Dockerfile" />
      <jump line="76" column="0" filename="$USER_HOME$/checkouts/ana/Dockerfile" />
      <jump line="56" column="0" filename="$USER_HOME$/checkouts/ana/Dockerfile" />
      <jump line="37" column="12" filename="$USER_HOME$/checkouts/ana/docker-compose.yml" />
      <jump line="2" column="4" filename="$USER_HOME$/checkouts/ana/docker-compose.yml" />
      <jump line="3" column="24" filename="$USER_HOME$/checkouts/ana/docker-compose.yml" />
      <jump line="4" column="39" filename="$USER_HOME$/checkouts/ana/docker-compose.yml" />
      <jump line="25" column="12" filename="$USER_HOME$/checkouts/ana/docker-compose.yml" />
      <jump line="69" column="4" filename="$USER_HOME$/checkouts/ana/Dockerfile" />
      <jump line="70" column="4" filename="$USER_HOME$/checkouts/ana/Dockerfile" />
      <jump line="85" column="4" filename="$USER_HOME$/checkouts/ana/Dockerfile" />
      <jump line="47" column="62" filename="$USER_HOME$/checkouts/ana/Dockerfile" />
      <jump line="0" column="0" filename="$USER_HOME$/checkouts/ana/ana/tabledefs.py" />
      <jump line="464" column="13" filename="$USER_HOME$/checkouts/ana/ana/tabledefs.py" />
      <jump line="626" column="40" filename="$USER_HOME$/checkouts/ana/ana/invoices.py" />
      <jump line="282" column="5" filename="$USER_HOME$/checkouts/ana/ana/invoices.py" />
      <jump line="288" column="15" filename="$USER_HOME$/checkouts/ana/ana/invoices.py" />
      <jump line="393" column="15" filename="$USER_HOME$/checkouts/ana/ana/invoices.py" />
      <jump line="406" column="25" filename="$USER_HOME$/checkouts/ana/ana/invoices.py" />
      <jump line="413" column="14" filename="$USER_HOME$/checkouts/ana/ana/invoices.py" />
      <jump line="436" column="14" filename="$USER_HOME$/checkouts/ana/ana/invoices.py" />
      <jump line="465" column="55" filename="$USER_HOME$/checkouts/ana/ana/invoices.py" />
      <jump line="470" column="82" filename="$USER_HOME$/checkouts/ana/ana/invoices.py" />
      <jump line="490" column="19" filename="$USER_HOME$/checkouts/ana/ana/invoices.py" />
      <jump line="501" column="29" filename="$USER_HOME$/checkouts/ana/ana/invoices.py" />
      <jump line="507" column="18" filename="$USER_HOME$/checkouts/ana/ana/invoices.py" />
      <jump line="508" column="18" filename="$USER_HOME$/checkouts/ana/ana/invoices.py" />
      <jump line="524" column="16" filename="$USER_HOME$/checkouts/ana/ana/invoices.py" />
      <jump line="535" column="26" filename="$USER_HOME$/checkouts/ana/ana/invoices.py" />
      <jump line="542" column="13" filename="$USER_HOME$/checkouts/ana/ana/invoices.py" />
      <jump line="565" column="16" filename="$USER_HOME$/checkouts/ana/ana/invoices.py" />
      <jump line="589" column="25" filename="$USER_HOME$/checkouts/ana/ana/invoices.py" />
      <jump line="41" column="11" filename="$USER_HOME$/checkouts/ana/ana/invoices.py" />
      <jump line="42" column="11" filename="$USER_HOME$/checkouts/ana/ana/invoices.py" />
      <jump line="48" column="21" filename="$USER_HOME$/checkouts/ana/ana/invoices.py" />
      <jump line="281" column="5" filename="$USER_HOME$/checkouts/ana/ana/invoices.py" />
      <jump line="86" column="51" filename="$USER_HOME$/checkouts/ana/ana/invoices.py" />
      <jump line="804" column="26" filename="$USER_HOME$/checkouts/ana/ana/invoices.py" />
      <jump line="22" column="0" filename="$USER_HOME$/checkouts/ana/ana/invoices.py" />
      <jump line="405" column="12" filename="$USER_HOME$/checkouts/ana/ana/invoices.py" />
      <jump line="57" column="11" filename="$USER_HOME$/checkouts/ana/ana/invoices.py" />
      <jump line="59" column="9" filename="$USER_HOME$/checkouts/ana/ana/invoices.py" />
      <jump line="437" column="12" filename="$USER_HOME$/checkouts/ana/ana/invoices.py" />
      <jump line="1" column="0" filename="$USER_HOME$/checkouts/ana/ana/invoices.py" />
      <jump line="83" column="18" filename="$USER_HOME$/checkouts/ana/ana/invoices.py" />
      <jump line="115" column="19" filename="$USER_HOME$/checkouts/ana/ana/invoices.py" />
      <jump line="116" column="4" filename="$USER_HOME$/checkouts/ana/ana/invoices.py" />
      <jump line="134" column="4" filename="$USER_HOME$/checkouts/ana/ana/invoices.py" />
      <jump line="141" column="4" filename="$USER_HOME$/checkouts/ana/ana/invoices.py" />
      <jump line="148" column="4" filename="$USER_HOME$/checkouts/ana/ana/invoices.py" />
      <jump line="154" column="0" filename="$USER_HOME$/checkouts/ana/ana/invoices.py" />
      <jump line="155" column="4" filename="$USER_HOME$/checkouts/ana/ana/invoices.py" />
      <jump line="175" column="0" filename="$USER_HOME$/checkouts/ana/ana/invoices.py" />
      <jump line="176" column="4" filename="$USER_HOME$/checkouts/ana/ana/invoices.py" />
      <jump line="197" column="0" filename="$USER_HOME$/checkouts/ana/ana/invoices.py" />
      <jump line="198" column="4" filename="$USER_HOME$/checkouts/ana/ana/invoices.py" />
      <jump line="210" column="4" filename="$USER_HOME$/checkouts/ana/ana/invoices.py" />
      <jump line="330" column="0" filename="$USER_HOME$/checkouts/ana/ana/invoices.py" />
      <jump line="331" column="4" filename="$USER_HOME$/checkouts/ana/ana/invoices.py" />
      <jump line="343" column="4" filename="$USER_HOME$/checkouts/ana/ana/invoices.py" />
      <jump line="349" column="0" filename="$USER_HOME$/checkouts/ana/ana/invoices.py" />
      <jump line="350" column="4" filename="$USER_HOME$/checkouts/ana/ana/invoices.py" />
      <jump line="359" column="4" filename="$USER_HOME$/checkouts/ana/ana/invoices.py" />
      <jump line="365" column="0" filename="$USER_HOME$/checkouts/ana/ana/invoices.py" />
      <jump line="366" column="4" filename="$USER_HOME$/checkouts/ana/ana/invoices.py" />
      <jump line="382" column="4" filename="$USER_HOME$/checkouts/ana/ana/invoices.py" />
      <jump line="389" column="4" filename="$USER_HOME$/checkouts/ana/ana/invoices.py" />
      <jump line="592" column="34" filename="$USER_HOME$/checkouts/ana/ana/invoices.py" />
      <jump line="594" column="40" filename="$USER_HOME$/checkouts/ana/ana/invoices.py" />
      <jump line="0" column="0" filename="$USER_HOME$/checkouts/ana/Dockerfile" />
      <jump line="121" column="20" filename="$USER_HOME$/checkouts/ana/Dockerfile" />
      <jump line="120" column="4" filename="$USER_HOME$/checkouts/ana/Dockerfile" />
      <jump line="143" column="4" filename="$USER_HOME$/checkouts/ana/Dockerfile" />
      <jump line="122" column="4" filename="$USER_HOME$/checkouts/ana/Dockerfile" />
      <jump line="30" column="24" filename="$USER_HOME$/checkouts/ana/ana/invoices.py" />
      <jump line="23" column="18" filename="$USER_HOME$/checkouts/ana/docker-compose.yml" />
      <jump line="71" column="11" filename="$USER_HOME$/checkouts/ana/ana/invoices.py" />
    </jumps>
    <registers>
      <register name="&quot;" type="2">
        <text encoding="base64">Cg==</text>
      </register>
      <register name="-" type="4">
        <text>pass</text>
      </register>
      <register name="/" type="4">
        <text>d.ownerfundingdate</text>
      </register>
      <register name="0" type="2">
        <text encoding="base64">ICAgIHByaW50ICJIRVJFRUhISEhISEhISEhISEhISEhISEgiCg==</text>
      </register>
      <register name="1" type="2">
        <text encoding="base64">Cg==</text>
      </register>
      <register name="2" type="2">
        <text encoding="base64">ICAgICAgICAK</text>
      </register>
      <register name="3" type="2">
        <text encoding="base64">Cg==</text>
      </register>
      <register name="4" type="2">
        <text encoding="base64">ICAgIGRlZiB0ZXN0X29iaWVuYWJsZWRfZm9yX25ld19vcmdfdHJpZ2dlcnNfYXVkaXQoc2VsZik6CiAgICAgICAgcmVzdWx0ID0gc2VsZi5fZW5hYmxlX29iaV9mb3Jfb3JnKCkKICAgICAgICBzZWxmLmFzc2VydEVxdWFsKDEsIGxlbihyZXN1bHQpKQoK</text>
      </register>
      <register name="5" type="2">
        <text encoding="base64">ICAgICAgICBOVUxMIEFTIG93bmVyZnVuZGluZ2RhdGUsCg==</text>
      </register>
      <register name="6" type="2">
        <text encoding="base64">ICAgIHByaW50ICJIRVJFRUhISEhISEhISEhISEhISEhISEgiCiAgICBwcmludCAiSEVSRUVISEhISEhISEhISEhISEhISEhIIgogICAgcHJpbnQgIkhFUkVFSEhISEhISEhISEhISEhISEhISCIKICAgIHByaW50IGFyZ3MuY3JlYXRlZGIK</text>
      </register>
      <register name="7" type="2">
        <text encoding="base64">Cg==</text>
      </register>
      <register name="8" type="2">
        <text encoding="base64">IyBQcm94eSBJbmZvCkFSRyBwcm94eT1odHRwOi8vd3d3LXByb3h5LWFkY3E3LW5ldy51cy5vcmFjbGUuY29tOjgwCg==</text>
      </register>
      <register name="9" type="2">
        <text encoding="base64">Cgo=</text>
      </register>
      <register name=":" type="4">
        <text>w</text>
      </register>
    </registers>
    <search>
      <last-search>d.ownerfundingdate</last-search>
      <last-offset />
      <last-pattern>d.ownerfundingdate</last-pattern>
      <last-dir>1</last-dir>
      <show-last>false</show-last>
    </search>
    <history>
      <history-search>
        <entry>adcq</entry>
        <entry>proxy</entry>
        <entry>openssl</entry>
        <entry>odb</entry>
        <entry>dockertest</entry>
        <entry>export</entry>
        <entry>make</entry>
        <entry>d_invoice</entry>
        <entry>draw</entry>
        <entry>GET_FOR_D_INVOICE</entry>
        <entry>invoicefacts</entry>
        <entry>drawrequest</entry>
        <entry>CREATE TABLE</entry>
        <entry>CREATE</entry>
        <entry>yaml</entry>
        <entry>yml</entry>
        <entry>ANA_CONFIG_FILE</entry>
        <entry>ORADSN</entry>
        <entry>pipeline</entry>
        <entry>d.ownerfundingdate</entry>
      </history-search>
      <history-cmd>
        <entry>noh</entry>
        <entry>66</entry>
        <entry>W</entry>
        <entry>bd</entry>
        <entry>q</entry>
        <entry>77</entry>
        <entry>vsp textura/databaseupdates/ITBI-972.sql</entry>
        <entry>w</entry>
      </history-cmd>
      <history-expr />
      <history-input />
    </history>
    <shortcut-conflicts>
      <shortcut-conflict owner="vim">
        <text>ctrl pressed U</text>
      </shortcut-conflict>
      <shortcut-conflict owner="vim">
        <text>ctrl pressed D</text>
      </shortcut-conflict>
      <shortcut-conflict owner="ide">
        <text>ctrl pressed A</text>
      </shortcut-conflict>
      <shortcut-conflict owner="vim">
        <text>ctrl pressed P</text>
      </shortcut-conflict>
      <shortcut-conflict owner="vim">
        <text>ctrl pressed O</text>
      </shortcut-conflict>
      <shortcut-conflict owner="ide">
        <text>ctrl pressed N</text>
      </shortcut-conflict>
      <shortcut-conflict owner="ide">
        <text>ctrl pressed F</text>
      </shortcut-conflict>
      <shortcut-conflict owner="ide">
        <text>ctrl pressed R</text>
      </shortcut-conflict>
      <shortcut-conflict owner="ide">
        <text>ctrl pressed C</text>
      </shortcut-conflict>
      <shortcut-conflict owner="ide">
        <text>ctrl pressed V</text>
      </shortcut-conflict>
      <shortcut-conflict owner="vim">
        <text>ctrl pressed W</text>
      </shortcut-conflict>
    </shortcut-conflicts>
  </component>
</application>